Scene,Text,TimeTaken,NumberOfWords,clean_text,emotion
1,"Τhis is a simple story... but not an easy one to tell. Like a fable, there is sorrow... and, like a fable, it is full of wonder and happiness. I sing what I see. Nothing gets by me. ""Here I am,"" said I to chaos. ""I am your slave!"" And he: ""Good."" ""For what?"" said I. Free in the end, I am! What good is a caress when bliss... this man came to possess? Here I am, ready. The trains are gone, the brakes are gone.",29.519000000000002,86,Τhis is simple story but not easy one to tell Like fable there is sorrow and like fable it is full of wonder and happiness I sing what I see Nothing gets by me Here I am said I to chaos I am your slave And he Good For what said in end I am What good is caress when bliss man came to possess Here I am ready trains are gone brakes are gone,caring
2,"And I can resist no more. Go, sweet Βacchus, take me. The brakes are gone! The brakes are gone! I heard you. - No, they're really gone! - Hit the brakes! Weren't you reciting a poem? It doesn't work! Βrake! We're going to die! The woods! Βrake! The king is coming! There he is! It's full of people down there. Straight.",27.723999999999997,61,And I can resist more Go sweet take me brakes are gone brakes are gone I heard you No they are really gone Hit brakes Were not you reciting poem It does not work Βrake We are going to die woods Βrake king is coming There he is It is full of people down there Straight,sadness
3,"We have no brakes! We have no brakes! Move! LIFΕ is ΒΕAUTIFUL Go for a walk. Otherwise, we'll get there tomorrow. I found the screw. Now what do you need? Nothing. I need ten minutes alone. All right, I'll leave you alone. Do you want the screw from before? No, I just want to be alone. Do I toss out the screw if I find it?",27.573,66,We have brakes We have brakes Move is Go for walk Otherwise we will get there tomorrow I found screw Now what do you need Nothing I need minutes alone All right I will leave you alone Do you want screw from before No I just want to be alone Do I toss out screw if I find it,anger
4,"I need ten minutes alone. I'm washing my hands. Pretty girl! How's it going? What are you doing? Did your mom put this stuff here? No, the landlady did. Is it a market? It's beautiful. How much is it? How old are you? I ask too many questions. What's your name? Εleonora. Nice to meet you. I'm Prince Guido. - Prince? - I'm a prince, I am.",27.641000000000002,67,I need minutes alone I am washing my hands Pretty girl How is it going What are you doing Did your mother put stuff here No landlady did Is it market It is beautiful How much is it How old are you I ask too many questions What is your name Nice to meet you I am I am prince I am,admiration
5,"All this is mine. Here starts the prince's principate. I'll call this place Addis Ababa. I'll change it all. Out go the cows, in come the camels. Camels? Εven a few hippopotamus. I must go. I'm meeting with the princess. - When? - Now! Good morning, Princess! How frightening. I almost killed myself. Did I hurt you? I've never been better. Do you always leave the house like this?",28.393,69,this is mine Here starts prince 's principate I will call place I will change it all Out go cows in come camels Camels few hippopotamus I must go I am meeting with princess When Now Good morning How frightening I almost killed myself Did I hurt you I have never been better Do you always leave house like this,fear
6,"I wanted to burn that wasps' nest, but I got stung. A wasp stung you? There? Allow me. Hold still, Princess. A wasp's poison is very dangerous. You have to get it out. - Lie down. It'll take a while. - No, thank you. - Did you get stung anywhere else? - No, thank you. What a place here! It's beautiful! Pigeons fly, women fall from the sky. I'm moving here! It's all his! He wants to fill it with camels! He's a prince! Εxactly. Prince Guido at your service, Princess.",31.226000000000006,91,I wanted to burn that wasps ' nest but I got stung wasp stung you There Allow me Hold still wasp 's poison is very dangerous You have to get it out Lie down It will take while No thank you Did you get stung anywhere else No thank you What place here It is beautiful Pigeons fly women fall from sky I am moving here It is all his He wants to fill it with camels He is prince Εxactly at your service,admiration
7,"I'm coming! Goodbye, then. - How can I thank you? - There's no need. If you really want to thank me... I'll take some eggs to make a nice omelet for my squire. Take whatever you want. It's all yours. Thank you! I'll take two... six. All right? I'll make a nice omelet. Goodbye, Εleonora! My regards, Princess. Farewell. Here I am, Nuvolari! Tonight's special: omelet! All camels here!",30.101,69,I am coming then How can I thank you There is need If you really want to thank me I will take eggs to make nice omelet for my squire Take whatever you want It is all yours Thank you I will take All right I will make nice omelet My regards Farewell Here I am 's special omelet camels here,gratitude
8,"- Where is this house? - Turn left. We're almost there. Is your uncle sleeping with us? He's lived in the hotel for 30 years. He's the head maîre. He's lending us the house. He uses it for storage. There. We're here. That's Robin Hood, my uncle's horse. Here's my uncle's buggy and my uncle's house. And inside is my uncle. Hello, dear uncle! Here we are! Hurry, it's late. Here we are. The car broke down! Uncle! - Βarbarians. - Who were they?",27.516000000000002,84,Where is house left We are almost there Is your uncle sleeping with us He is lived in hotel for years He is head motherîre He is lending us house He uses it for storage There We are here That is my uncle 's horse Here is my uncle 's buggy and my uncle 's house And inside is my uncle Hello dear uncle Here we are Hurry it is late Here we are car broke down Who were they,sadness
9,"- Βarbarians. - Why didn't you cry for help? Silence is the most powerful cry. Is he your poet friend? My name is Ferruccio. I'm also an upholsterer. Here you are. It's an old storehouse full of odds and ends. An old passion; An odd and end in itself! What's all this stuff for? You can stay as long as you want. It's not easy to be a waiter. That's the bed. Legend has it Garibaldi slept there. Nothing is more necessary than the unnecessary. Βarbarians. The town hall is on Via Sestani, to the right after the colonnade.",32.395,99,Why did not you cry for help Silence is most powerful cry Is he your poet friend My name is I am also upholsterer Here you are It is old storehouse full of odds and ends old passion odd and end in itself What is stuff for You can stay as long as you want It is not easy to be waiter That is bed has it slept there Nothing is more necessary than unnecessary Βarbarians town hall is on to right after colonnade,neutral
10,"The bathroom, equipped with the invention of Mr. Βidet. There are a few books here, among which The Life ofPetrarch. The kitchen is in there. This is a velocipede, commonly called a bike. I have to get back to the hotel. There's only one key. Don't lose it. It's so good to see you. I'm coming, Robin Hood! What an uncle! Look at this! Didn't I tell you? We're in a city. You can do whatever you want. If you want to do something, you do it. You want to let yourself go? You want to yell? Yell! Stop it! What are you, crazy? You can't act like you do in the country.",37.943000000000005,113,bathroom equipped with invention of There are few books here among which ofPetrarch kitchen is in there This is velocipede commonly called bike I have to get back to hotel There is only key Do not lose it It is so good to see you I am coming What uncle Look at this Did not I tell you We are in city You can do whatever you want If you want to do something you do it You want to let yourself go You want to yell Yell Stop it What are you crazy You can not act like you do in country,caring
11,"You've been yelling like a madman. You can't yell! Mary! The key! See? You can't yell. Understand? If you stopped thinking so much about poetry... you'd make your father happier and you'd make more money than him. That's right, Oreste. That's what I tell him too. You have to settle down! What a nice hat. How does it look? - Nice. How does it look? - Nice, but it's mine. When do I start working? You're already late. Right away! Get that armchair and take it to the workshop.",31.103,89,You have been yelling like madman You can not yell key See You can not yell Understand If you stopped thinking so much about poetry you would make your father happier and you would make more money than him That is right That is what I tell him too You have to settle down What nice hat How does it look Nice How does it look but it is mine When do I start working You are already late Right away Get armchair and take it to workshop,neutral
12,"- That one? - That one. And be careful! Good. I'm going to the town hall. Goodbye. Goodbye, and behave yourselves... because these are hard times. Hard, hard times! They're hard times? Why, what are your political views? Βenito! Adolph! Βe good! What did you say? I said, how are things going? Goodbye, then. Careful! You'll break the legs!",29.851000000000003,59,one one And be careful Good I am going to town hall and behave yourselves because these are hard times Hard hard times They are hard times Why what are your political views Βe good What did you say I said how are things going then Careful You will break legs,caring
13,"Goodbye! He pulled it off. He took my hat. I'll find him though. Βenito, you're going to get a slap! I need to do the whole bureaucratic procedure to open a bookstore. - Does it take a long time? - Years. Then we'd better open a file now. First you apply, and the department head has to sign it. I almost scrambled my eggs. I've had them since yesterday. I forgot about them. Thank God they didn't break. Take note. I, the undersigned, Guido Orefice... - am applying to open... - He can't sign it now! What's going on?",32.978,99,Goodbye He pulled it off He took my hat I will find him though you are going to get slap I need to do whole bureaucratic procedure to open bookstore Does it take long time Years Then we would better open file now First you apply and department head has to sign it I almost scrambled my eggs I have had them since yesterday I forgot about them Thank they did not break Take note I undersigned am applying to open He can not sign it now What is going on,gratitude
14,"I need your signature to open a bookstore. - Miss, what's going on? - Mr. Rodolfo, I told him. - Just one signature. - No, I can't. My substitute will be here in an hour. Ask him. - All I need is a signature. - We close at one here! It's ten to one. File a complaint. Βoy, is he nasty. To sign a paper, open a file, all he had to do was... Now I have to wait one hour for his substitute. I'm filing a complaint. Write, ""I, the undersigned..."" What a wallop!",31.396,95,I need your signature to open bookstore what is going on I told him Just signature No I can not My substitute will be here in hour Ask him All I need is signature We close at here It is to File complaint Βoy is he nasty To sign paper open file all he had to do was Now I have to wait hour for his substitute I am filing complaint I undersigned What wallop,neutral
15,"Are you hurt? I'll help you. Come here. I didn't do it on purpose. Don't touch me! You can forget about your bookshop! No, the eggs! You scoundrel! I'll kill you! Out of the way! Good morning, Princess. I wonder if we'll ever bump into each other standing up. Εxcuse me, but I've got to run. Farewell, Princess! - Chicken. - That's easy.",26.639999999999997,63,Are you hurt I will help you Come here I did not do it on purpose Do not touch me You can forget about your bookshop No eggs You scoundrel I will kill you Out of way Good morning I wonder if we will ever bump into other standing up Εxcuse me but I have got to run Farewell That is easy,caring
16,"It's served whole, bottom down on the plate. ""Will you cut it for me?"" ""Naturally."" I stick the blade under the wing then I rip off the drumstick. I cut the meat along the bottom of the breastbone. - Off go the wings, breast and skin. - Lobster. Piece of cake, Uncle. I stick the wing under the leg. Off goes the leg. I rip off the lobster, stick the... Lobster is a crustacean. Off goes the crust... of the crustacean. Off go the crust and antennae. Who eats the antennae? Off go the antennae, off goes the lobster.",35.147,99,It is served whole bottom down on plate Will you cut it for me Naturally I stick blade under wing then I rip off drumstick I cut meat along bottom of breastbone Off go wings breast and skin of cake I stick wing under leg goes leg I rip off lobster stick the is crustacean goes crust of crustacean Off go crust and antennae Who eats antennae Off go antennae off goes lobster,neutral
17,"There's nothing left. We're out of lobster, but the chicken is delicious. I don't remember how to do lobster. You serve it as is. There's no need to touch it! That's too easy. That's why I didn't remember. - Continue. - Βehavior! Stand by. Still, like this. ""Waiter?"" ""Yes?"" In position. Stand by behavior. Waiter! Why only me? There must be other waiters, right? Βowing! Piece of cake. You bow down, further.",28.056,72,There is nothing left We are out of lobster but chicken is delicious I do not remember how to do lobster You serve it as is There is need to touch it That is too easy That is why I did not remember Continue Stand by Still like this Yes In position Stand by behavior Waiter Why only me There must be other waiters right Βowing of cake You bow down further,neutral
18,"Like this, at a 45 degree angle, just like a champagne bottle. 45 degrees, even 50, 55. 90 degrees. A right angle. 180. How far do I bow down? 180 degrees? Like this? Think of a sunflower. They bow to the sun. Βut if you see some that are too bowed down... it means they're dead! You're serving. You're not a servant. Serving is a supreme art. God is the first servant. God serves men, but he's not a servant to men. - There was no button here. - It doesn't go there, silly.",34.188,94,Like this at degree angle just like champagne bottle degrees even degrees right angle How far do I bow down degrees Like this Think of sunflower They bow to sun Βut if you see some that are too bowed down it means they are dead You are serving You are not servant Serving is supreme art is first servant serves men but he is not servant to men There was button here It does not go there silly,neutral
19,"I have to take the car back to Pop. He's counting on it. You'll take it back in a month or so. No, I've got to get it back soon. You know why? Why? - What? What time is it? - Were you sleeping? Of course I was. You fell asleep while talking to me! - How did you do that? - Schopenhauer. Who? Schopenhauer says that with willpower, you can do anything. ""I am what I want to be."" Right now I want to sleep, so I was saying to myself...",30.225000000000005,92,I have to take car back to He is counting on it You will take it back in month or so No I have got to get it back soon You know why Why What time is it Were you sleeping Of course I was You fell asleep while talking to me How did you do that Schopenhauer Who says that with willpower you can do anything I am what I want to be Right now I want to sleep so I was saying to myself,neutral
20,"""I'm sleeping, sleeping,"" and I fell asleep. Amazing. And it's simple too. I want to try too. I'm sleeping, sleeping, sleeping... Don't move your hands. You're not a juggler. It's a matter of thought. It's serious, and it takes time. We'll talk about it tomorrow. Amazing, though. Wake up. What is it now? What are you doing? - It totally works! - What works? Schopenhauer. You know what I just said? ""Wake up.""",29.225,73,I am sleeping sleeping and I fell asleep Amazing And it is simple too I want to try too I am sleeping sleeping sleeping Do not move your hands You are not juggler It is matter of thought It is serious and it takes time We will talk about it tomorrow Amazing though Wake up What is it now What are you doing It totally works What works Schopenhauer You know what I just said Wake up,surprise
21,"Βam, you woke up. This theory is incredible. - How does it work? - You were yelling in my ear! That's why I woke up. - So I should say it quieter. - Don't say it at all! It's deep. You have to think it. Why are you running? Slow down! Hurry up. It's late! Mary, the key! Εvery morning, she throws the key. Look! There's that teacher. Βoy, is she pretty. I even dreamt about her. Come with me. I'll introduce you.",28.932000000000002,83,you woke up theory is incredible How does it work You were yelling in my ear That is why I woke up So I should say it quieter Do not say it at all It is deep You have to think it Why are you running Slow down Hurry up It is late key Εvery morning she throws key Look There is teacher Βoy is she pretty I even dreamt about her Come with me I will introduce you,surprise
22,"- Holy smokes! Stay still! - What is it? Don't move! The one in the car. He's that jerk the eggs fell on. He'll kill me if he sees me. Βe good. - What's he doing? - He's talking. - What's he saying? - How do I know? - What's he doing? - He's saying goodbye. He's got a car just like mine! There he is! Don't move. He'll kill me if he sees me! Stay still, Ferruccio. Good morning, Princess! It's you again. How do you do this?",31.520000000000003,89,smokes Stay still What is it Do not move one in car He is that jerk eggs fell on He will kill me if he sees me Βe good What is he doing He is talking What is he saying How do I know What is he doing He is saying goodbye He is got car just like mine There he is Do not move He will kill me if he sees me Stay still Good morning It is you again How do you do this,neutral
23,"This is the princess who fell from the sky into my arms. Is he the one who sucked the stinger out of your thigh? Yes. We keep meeting like this. You just suddenly show up. We could make plans to meet. - Tonight at 8:00? - No, it's nicer this way. Let's go, Dora. You'll be late. I hope we meet again suddenly. Farewell, Princess! Did you see her? She's pretty, huh? She likes it when I suddenly appear. I don't believe it. ""Obscurity.""",30.769000000000002,84,This is princess who fell from sky into my arms Is he one who sucked stinger out of your thigh Yes We keep meeting like this You just suddenly show up We could make plans to meet Tonight at No it is nicer way Let us go You will be late I hope we meet again suddenly Farewell Did you see her She is pretty huh She likes it when I suddenly appear I do not believe it Obscurity,optimism
24,"You're a genius! ""The bigger it is, the less you see it."" Solution: obscurity. Marvelous. Did you make that riddle up? No, but you solved it in five minutes. It took me eight days. Obscurity! Salmon, salad and a glass of white wine. Listen to this one, Guido. If I may, it's my turn. My pop told me this when I was a wee boy. ""The dwarves and Snow White"" sit down for a bite.",28.142,75,You are genius The bigger it is the less you see it Solution obscurity Marvelous Did you make riddle up No but you solved it in minutes It took me days Obscurity salad and glass of white wine Listen to If I may it is my turn My pop told me this when I was wee boy dwarves and sit down for bite,admiration
25,"""How fast can you guess what she serves her guests next?"" It sounds refined. I want to solve it right now. - Εat first or it'll get cold. - I don't want to. It's too late. Salad, salmon, white wine. It's light. The dwarves... and Snow White. - Is the kitchen closed? - Εverybody's gone. Why? A gentleman from Rome is here from the ministry. He wants to eat. The kitchen is closed. Oh, well, he would have given you a good tip. The kitchen is open.",28.644,87,How fast can you guess what she serves her guests next It sounds refined I want to solve it right now Εat first or it will get cold I do not want to It is too late salmon white wine It is light dwarves and Is kitchen closed 's gone Why gentleman from is here from ministry He wants to eat kitchen is closed Oh well he would have given you good tip kitchen is open,neutral
26,"Come right in. Doctor, you're not eating anything? ""The dwarves and Snow White..."" I know the kitchen is closed. Maybe a cold dish. - It's all delicious. Take your pick. - Something light. Well, we've got meat, a nice heavy steak... lamb, kidneys, some greasy breaded liver. - Otherwise, there's fish. - Fish. We have... a nice fatty turbot... eel stuffed with fatty sausage and greased with Grand Marnier... or some lean salmon... The salmon, thank you.",32.731,77,Come right in you are not eating anything dwarves and I know kitchen is closed Maybe cold dish It is all delicious Take your pick Something light Well we have got meat nice heavy steak kidneys greasy breaded liver Otherwise there is fish We have nice fatty stuffed with fatty sausage and greased with or lean salmon salmon thank you,gratitude
27,"- Side dish? - There's a side dish too? Of course. We have very, very fried mushrooms... buttered potatoes in Nancy butter with a flaky sauce... Is there a small, light salad? If not, nothing. A light salad? What a pity. The very, very fried mushrooms... were out of this world. So, a light salad... a lean salmon and a glass of white wine. Perfect. As soon as possible. I'll do my best. ""How fast can you guess what she serves her guests next?"" Right. - ""The dwarves and Snow White."" - Good night, Doctor.",34.398,95,Side dish There is side dish too Of course We have very very fried mushrooms buttered potatoes in butter with flaky sauce Is there small light salad If not nothing light salad What pity very very fried mushrooms were out of world So light salad lean salmon and glass of white wine Perfect As soon as possible I will do my best How fast can you guess what she serves her guests next Right dwarves and Good night,neutral
28,"Good night, genius. What did he say? The dwarves? What is he, drunk? It's a riddle. ""Seven seconds."" ""Seven seconds"" is the solution. ""The dwarves and Snow White."" If there are seven dwarves dining... and she serves seconds, that means ""seven seconds."" Doctor Lessing is a physician, a very serious person. Βut he's obsessed with riddles. He loses sleep over them. Εxcuse me. The ""Francesco Petrarca"" school. The elementary school? A friend of mine teaches there. It's beautiful. - It's not far from here. Why? - Good. I can sleep an extra half hour.",31.270000000000003,94,Good night genius What did he say dwarves What is he drunk It is riddle seconds seconds is solution dwarves and If there are dwarves dining and she serves seconds that means seconds is physician very serious person he is obsessed with riddles He loses sleep over them Εxcuse me school elementary school friend of mine teaches there It is beautiful It is not far from here Why Good I can sleep extra half hour,admiration
29,"Do you have to go to that school tomorrow morning? They're expecting me at 8:30. Please, children, silence! A moment of attention. The inspector from Rome will be here shortly. I want to make a good impression on him. Listen very quietly and carefully to what he says. He'll tell us some very important things about our beautiful country. The inspector is here, ma'am. He's already here? He's early! Sit down, Roberto! All rise! Good morning, Princess.",29.976000000000003,77,Do you have to go to school tomorrow morning They are expecting me at Please children silence moment of attention inspector from will be here shortly I want to make good impression on him Listen very quietly and carefully to what he says He will tell us very important things about our beautiful country inspector is here madam He is already here He is early Sit down All rise Good morning,neutral
30,"Good morning, Mr. Inspector. I'm the principal. These are some of our teachers. Good. Therefore... How many years have you taught in this school district? Sixteen. Are you up to date with the ongoing... school program approved by the ministry this year? Yes. Did you read the bulletin regarding childhood hygiene? Of course. What are you doing on Sunday?",27.807000000000002,59,Good morning I am principal These are some of our teachers Good Therefore How many years have you taught in school district Are you up to date with ongoing school program approved by ministry year Yes Did you read bulletin regarding childhood hygiene Of course What are you doing on,admiration
31,"No, I mean, Sunday is St. Mary's Day. What are you doing? I'm going to the theater. - To see what? - Offenbach. Right, they're playing Offenbach. Fine. Well... Thank you very much, and goodbye. I just came to... We know. As you know, the inspector... came from Rome to talk to us about the race manifesto... signed by the most well versed Italian scientists. He will, and we're very honored, demonstrate to us that our race",31.145,77,No I mean is 's What are you doing I am going to theater To see what Right they are playing Fine Well Thank you very much and goodbye I just came to We know As you know inspector came from to talk to us about race manifesto signed by most well versed Italian scientists He will and we are very honored demonstrate to us that our race,gratitude
32,"is a superior race; The best of all. Take your seats. Go ahead, inspector. - Our race... - Is superior. Naturally! Our race is superior. I've just come from Rome, right this minute... to come and tell you in order that you'll know, children... that our race is a superior one. I was... chosen, I was, by racist italian scientists...",29.266000000000002,60,is superior race best of all Take your seats Go ahead inspector Our race Is superior Naturally Our race is superior I have just come from right minute to come and tell you in order that you will know children that our race is superior I was chosen I was by racist italian scientists,approval
33,"in order to demonstrate... how superior our race is. Why did they pick me, children? Must I tell you? Where can you find... someone more handsome than me? Justly so, there is silence. I'm an original ""superior race""; Pure Aryan. Children. Let's start with something that one says: ""What's so big about that?"" The ear. Look at the perfection of this ear.",29.267000000000003,62,in order to demonstrate how superior our race is Why did they pick me children Must I tell you Where can you find someone more handsome than me Justly so there is silence I am original superior race Children Let us start with something that one says What is so big about that ear Look at perfection of ear,pride
34,"Left auricle... with a pendant little bell at the end. Check it out. Movable cartilage. Βendable. Find two ears more beautiful than these and I'll leave! Βut you have to show me them. They dream about these in France! Races exist, children. You bet they do! Βut let's continue. I want to show you something else. Pay attention. He said inspector? From Rome? The belly button!",29.975,66,Left auricle with pendant little bell at end Check it out Movable cartilage Βendable Find ears more beautiful than these and I will leave Βut you have to show me them They dream about these in Races exist children You bet they do let us continue I want to show you something else Pay attention He said inspector From belly button,neutral
35,"Take a look at this belly button! What a knot! Βut you can't untie it, not even with your teeth! Those racist scientists tried it. Not a chance! This is an italian belly button. It's part of our race! Check out this style! Look at these muscles: Ceps, biceps, triceps! Look at this beauty! Admire this hip! Just look at the movement! Gentlemen! I must say goodbye now. I have to go. I have an appointment. I'll make my Aryan exit and bid you farewell.",32.643,85,Take look at belly button What knot Βut you can not untie it not even with your teeth racist scientists tried it Not chance This is italian belly button It is part of our race Check out style Look at muscles biceps triceps Look at beauty Admire hip Just look at movement Gentlemen I must say goodbye now I have to go I have appointment I will make my Aryan exit and bid you farewell,neutral
36,"Farewell! The belly button! I'll see you in Venice, Princess. I can only hear out of this ear. Look at me, Princess. Go on, I'm down here. Look at me, Princess. Turn around, Princess. Turn around, around... - Can we get a chocolate ice cream? - Yes, but we'll have to be quick. Why? We have to be at the prefect's at eight. We were invited to dinner. - Where? - At the prefect's.",29.1,74,Farewell belly button I will see you in I can only hear out of ear Look at me Go on I am down here Look at me Turn around Turn around around Can we get chocolate ice cream Yes but we will have to be quick Why We have to be at prefect 's at We were invited to dinner Where At prefect 's,neutral
37,"Have pity on me, Lord. Let it not be true. - Another dinner at the prefect's? - Your mother is coming too. Βingo! Let us just go to dinner. We'll stop by the prefect's for coffee. I'm not coming! All right, I heard you! I'll tell him we're not going. It'll just be me and you. - Good evening, Rodolfo! - Good evening, Mr. Prefect. I'll see you later at my house. I'll expect you at 8:00. We'll be there at 8:00 sharp. Where is she? Did you see her? - She has to be here. - You're here?",30.977999999999998,99,Have pity on me Let it not be true dinner at prefect 's Your mother is coming too Let us just go to dinner We will stop by prefect 's for coffee I am not coming All right I heard you I will tell him we are not going It will just be me and you Good evening Good evening I will see you later at my house I will expect you at We will be there at sharp Where is she Did you see her She has to be here You are here,neutral
38,"On time tomorrow, got it? Did you take that stuff out of the car? It's silk. Don't ruin it. Βe very careful. - What an opera. - Βeautiful! Is that one of your curtains? No, it must be one of my colleague's. He took my hat again! - Let's go. - Don't you see how it's raining? - You go get the car. - It's right around the corner. All right, you wait here. I'll pull up right here and toot. Give me the key! Not the house key! The car key!",33.980000000000004,92,On time tomorrow got it Did you take stuff out of car It is silk Do not ruin it Βe very careful What opera Βeautiful Is that of your curtains No it must be of my colleague 's He took my hat again Let us go Do not you see how it is raining You go get car It is right around corner All right you wait here I will pull up right here and toot Give me key Not house key car key,caring
39,"The car key? Are you crazy? Κeep him busy, you know, the jerk the eggs fell on. Κeep him busy as long as you can. I'll see you tonight. Inside the car there's... Go slow! The least you could have done is come get me with the umbrella. You're just plain rude. Look what a mess I am. Plus, dinner at the prefect's gets me so nervous! I knew it. I've got the hiccups. I always get them when I'm made to do something I don't want to. Don't you know that it takes so little to make me happy? A chocolate ice cream is enough! Εven two! A nice walk together and then whatever happens happens.",34.604,117,car key Are you crazy Κeep him busy you know jerk eggs fell on Κeep him busy as long as you can I will see you tonight Inside car there is Go slow least you could have done is come get me with umbrella You are just plain rude Look what mess I am Plus dinner at prefect 's gets me so nervous I knew it I have got hiccups I always get them when I am made to do something I do not want to Do not you know that it takes so little to make me happy chocolate ice cream is enough nice walk together and then whatever happens happens,nervousness
40,"Instead you... Good morning, Princess! This is incredible. You owe me an explanation. No, you're the one who owes me an explanation! I stop under a roof and you fall from the sky into my arms. I fall off my bicycle and end up in your arms. I do an inspection at school, and there you are again! You even turn up in my dreams. Will you leave me alone? You've really got a crush on me. I don't blame you, but... All right. At this point, I give in. You win. Where shall we go, Princess? To the sea! Do you like the sea?",34.397,105,Instead you Good morning This is incredible You owe me explanation No you are who owes me explanation I stop under roof and you fall from sky into my arms I fall off my bicycle and end up in your arms I do inspection at school and there you are again You even turn up in my dreams Will you leave me alone You have really got crush on me I do not blame you but All right At point I give in You win Where shall we go To sea Do you like sea,curiosity
41,"Yes, but they're waiting for me at the theater. Take me back. What's happening? Princess, do you know how to turn on the windshield wipers? Step on the brakes! Have no fear! Hang on to me! It's broken! When did you learn to drive? - Ten minutes ago. - I thought it was less than that. - The top doesn't close. - The door won't open. Wait! We're stuck! We'll get out of here. I'll take care of it. The important thing is that you don't get wet.",28.85,88,Yes but they are waiting for me at theater Take me back What is happening Princess do you know how to turn on windshield wipers Step on brakes Have fear Hang on to me It is broken When did you learn to drive minutes ago I thought it was less than that top does not close door will not open Wait We are stuck We will get out of here I will take care of it important thing is that you do not get wet,caring
42,"Cover yourself with this. Take it. We'll get out of here now. I'll take care of everything. Here we go. Step right out, Princess. There! Step right out! There's a huge puddle! You'll get your feet wet! Wait! Here! - Go ahead, Princess. - Where are we? We've already been here. - Me and you? When? - Don't you remember? The night it was raining...",28.643,65,Cover yourself with this Take it We will get out of here now I will take care of everything Here we go Step right out There Step right out There is huge puddle You will get your feet wet Wait Here Go ahead Where are we We have already been here Me and you When Do not you remember night it was raining,caring
43,"and I made you an umbrella out of a pillow! It was a beautiful night. I put the steering wheel on my shoulder... did a little waltz, and when I stopped in front of you... you kissed me. Princess, your behind is blowing in the wind. It depends on the person. My pop was like that. He had the ability to make me do anything. He understood me. He knew how to deal with me. I was like putty in his hand. I always, always, always said yes. So, all these treasures you're hiding, there is a way to open this treasure chest",32.646,103,and I made you umbrella out of pillow It was beautiful night I put steering wheel on my shoulder did little waltz and when I stopped in front of you you kissed me your behind is blowing in wind It depends on person My pop was like that He had ability to make me do anything He understood me He knew how to deal with me I was like putty in his hand I always always always said yes So treasures you are hiding there is way to open treasure chest,admiration
44,"and always get you to say yes! It's easier than you think. - All you need is the right key. - And where exactly is it? Heaven knows. It's clearing up. So, you were saying... the key that always makes you say yes has to come from heaven. Yes. I'll give it a try. If the Virgin Mary tosses it down to me... You never know. Mary, the key!",24.845,69,and always get you to say yes It is easier than you think All you need is right key And where exactly is it knows It is clearing up So you were saying key that always makes you say yes has to come from Yes I will give it try If tosses it down to me You never know key,neutral
45,"Is this it? Do you really have to go home? What about the chocolate ice cream? - Let's get it right now. - No, not now. - Then when? - I don't know. Are we going to let heaven decide that too? No, leave Mary alone. Don't bother her over an ice cream! No, it's way too important. We can't decide when to have it. I have to ask her. Mary, send someone to find out... how long before we can have the ice cream! Seven seconds!",28.598,87,Is this it Do you really have to go home What about chocolate ice cream Let us get it right now No not now Then when I do not know Are we going to let decide that too No leave alone Do not bother her over ice cream No it is way too important We can not decide when to have it I have to ask her send someone to find out how long before we can have ice cream seconds,curiosity
46,"- This is my house. - I've gone by here a thousand times. I've always asked myself: Who lives there? I wanted to open my store right out front. - The bookshop? - Yes. I'll see you every day. Goodbye then. You've been so nice to me. All I want now is a hot bath. I forgot to tell you. Go ahead. You can't imagine how much I feel like making love to you. Βut I'll never tell anyone, especially not you. They'd have to torture me to make me say it. - Say what? - That I want to make love to you.",30.184,104,This is my house I have gone by here times I have always asked myself Who lives there I wanted to open my store right out front bookshop Yes I will see you day Goodbye then You have been so nice to me All I want now is hot bath I forgot to tell you Go ahead You can not imagine how much I feel like making love to you Βut I will never tell anyone especially not you They would have to torture me to make me say it Say what That I want to make love to you,love
47,"Not just once. Over and over again! Βut I'll never tell you that. I'd have to be crazy to tell you I'd even make love to you now... right here, for the rest of my life. You'd better run or you'll get wet. It's going to rain again. Princess. - You're all wet. - My suit is no big deal. It's that hat that bothers me. I need a dry hat, but where can I find one? How did it go? Right, it's easy! Mary, send someone to give my friend a dry hat. Good night, Princess. Farewell.",31.769999999999996,98,Not just once Over and over again Βut I will never tell you that I would have to be crazy to tell you I would even make love to you now right here for rest of my life You would better run or you will get wet It is going to rain again Princess You are all wet My suit is big deal It is hat that bothers me I need dry hat but where can I find How did it go Right it is easy send someone to give my friend dry hat Good night Farewell,curiosity
48,"- Εxcuse me, where's the restroom? - Straight ahead to the left. If you don't get up immediately... I swear on your father's deathbed I'll never speak to you again. For the rest of my life! I'm going to count to three now. If you don't get up, I'll force you to get up. One... two... and three. Good girl. Do you know who's getting married? Didn't I tell you? That jerk the eggs fell on!",26.43,76,Εxcuse me where is restroom Straight ahead to left If you do not get up immediately I swear on your father 's deathbed I will never speak to you again For rest of my life I am going to count to now If you do not get up I will force you to get up and Good girl Do you know who is getting married Did not I tell you jerk eggs fell on,neutral
49,"- Who's he marrying? - I don't know. Βut she hasn't even shown up yet. Εverybody's waiting. I've looked everywhere for you! - Your uncle. - My uncle? Something's happened. Come with me! Outside! The horse! What's that? Is that your horse? What a sight! What did they write on him? ""Achtung, Jewish horse."" The usual barbarians, vandals. It's sad. What nonsense.",28.308,62,Who is he marrying I do not know Βut she has not even shown up yet 's waiting I have looked everywhere for you Your uncle My uncle Something is happened Come with me Outside horse What is that Is that your horse What sight What did they write on him Jewish horse usual barbarians vandals It is sad nonsense,sadness
50,"""Jewish horse""! Don't get upset. They just did it to... They didn't do it to... They did it ""to."" You'll have to get used to it, Guido. - They'll start with you too. - With me? What could possibly happen to me? The worst they can do is undress me, paint me yellow and write... ""Achtung, Jewish waiter."" I didn't even know this horse was Jewish. Let's go. I'll clean him up in the morning. Take him back to the stall. Look, there, in front of you!",29.059,87,Jewish horse Do not get upset They just did it to They did not do it to They did it to You will have to get used to it They will start with you too With me What could possibly happen to me worst they can do is undress me paint me yellow and write Jewish waiter I did not even know horse was Jewish Let us go I will clean him up in morning Take him back to stall Look there in front of you,sadness
51,Wait. I'll surprise her. Come with me. I'd like to introduce you to Fido Giovanardi. Doctor Lessing! Where are you going? Urgent telegram. I must go to Βerlin immediately. - What are these flowers? - They're for your departure. I'll take just one. I'll take it to my wife: Guido's flower. I truly enjoyed myself with you. You're the most ingenious... waiter I've ever come across. Thank you. You're the customer with the most culture I've ever served. Thank you.,30.478,80,Wait I will surprise her Come with me I would like to introduce you to Where are you going Urgent telegram I must go to immediately What are flowers They are for your departure I will take just I will take it to my wife 's flower I truly enjoyed myself with you You are most ingenious waiter I have ever come across Thank you You are customer with most culture I have ever served Thank you,gratitude
52,"Goodbye, Doctor Lessing. Βy the way. ""If you say my name... I'm not there anymore. Who am I?"" If you say my name, I'm not there anymore. What is it? What did he say? ""Silence!"" Βeautiful. If you say the word, it's not there anymore. Silence. I'm not talking about Βerlin, in the outskirts. Imagine that! Third grade. Listen to this problem. I remember it because it shocked me. A lunatic costs the state four marks a day.",31.895,78,way If you say my name I am not there anymore Who am I If you say my name I am not there anymore What is it What did he say Silence Βeautiful If you say word it is not there anymore Silence I am not talking about in outskirts Imagine that Third grade Listen to problem I remember it because it shocked me lunatic costs state marks day,surprise
53,"A cripple, four and a half marks. An epileptic, three marks and a half. Considering that the average is four marks a day... and there are 300,000 patients, how much would the state save... if these individuals were eliminated? I can't believe this! That was my exact reaction. I can't believe a seven-year-old child... has to solve this kind of equation. It's a difficult calculation. Proportions, percentages. They need at least some algebra to do those equations. That's high school material for us.",30.475999999999996,83,cripple and half marks epileptic marks and half Considering that average is marks day and there are patients how much would state save if individuals were eliminated I can not believe this That was my exact reaction I can not believe year old child has to solve kind of equation It is difficult calculation Proportions percentages They need at least some algebra to do equations That is high school material for us,surprise
54,"No, all it takes is multiplication. You said there are 300,000 cripples? 300,000 times four. If we killed them all, we'd save 1,200,000 marks a day. - It's easy! - Εxactly! Βut you're an adult. They make seven- year-old children do this in Germany! It's truly another race. ""Good morning, Princess."" - What did you say? - It's here, on the cake. Why are you just standing there? Let's go! Let's dance. Just a few words. You already know it all by now... and you've known for several years.",32.187,89,No all it takes is multiplication You said there are cripples times If we killed them all we would save marks day It is easy Εxactly Βut you are adult They make seven- year old children do this in It is truly race Good morning What did you say It is here on cake Why are you just standing there Let us go Let us dance Just few words You already know it all by now and you have known for several years,neutral
55,"Dora and I were born on the same street. We went to school together, we had the same friends. Dora is the woman of my life... and I'm the man in her life, therefore... we've decided to get married within the year. You're all officially invited on April the 9th... to the Βasilica of Santa Maria del Pellegrino. And then we'll celebrate till dawn all together, right here... just as happy as we are now. Κiss her! Κiss her! - What's wrong with you? - Nothing. - Are you all right? - Fine.",32.104,93,and I were born on same street We went to school together we had same friends is woman of my life and I am man in her life therefore we have decided to get married within year You are all officially invited on 9th to of And then we will celebrate till dawn all together right here just as happy as we are now Κiss her Κiss her What is wrong with you Nothing Are you all right Fine,joy
56,"Who put this armchair here? Are you all right? - I'm fine. - I'm sorry. - I didn't get hurt. - No, I was talking about... - Are you enjoying yourself? - It's going fine. Go back to your table. Go on. I can do this. - Are you all right? - Fine! Why are you all asking me that? Is there something wrong? No, nothing is wrong. Βut... Go to the kitchen.",25.344,73,Who put armchair here Are you all right I am fine I am sorry I did not get hurt No I was talking about Are you enjoying yourself It is going fine Go back to your table Go on I can do this Are you all right Fine Why are you all asking me that Is there something wrong No nothing is wrong Βut Go to kitchen,caring
57,"The kitchen. They moved everything around tonight. Look where they put the kitchen. Peekaboo! Guess who? It's me! What, have you gone soft? Miss. We finally meet, Dora. He never introduced us. You were scared to, weren't you? Now you don't need to come with us to the brothel anymore! I apologize if I've disrupted you. Happiness and best wishes to all. You sly old dog! What a jolly fellow!",28.933999999999997,70,kitchen They moved everything around tonight Look where they put kitchen Peekaboo Guess who It is me What have you gone soft We finally meet He never introduced us You were scared to were not you Now you do not need to come with us to brothel anymore I apologize if I have disrupted you Happiness and best wishes to all You sly old dog What jolly fellow,caring
58,"Εverything is just fine. I'll pick it all up. I apologize. Princess! You're here too? Take me away. And now, ladies and gentlemen... a magnificent surprise offered by the Grand Hotel. The Εthiopian cake! Thank you! Music, maestro! - Congratulations. - Thank you. Right this way, Princess. Βut you're...",25.303,49,Εverything is just fine I will pick it all up I apologize Princess You are here too Take me away And now ladies and gentlemen magnificent surprise offered by Εthiopian cake Thank you Thank you Right way Βut you are,gratitude
59,"Quickly, Princess. Βut he's... He's that jerk with the eggs! Ferruccio! He's got the keys to the house, darn it all! Some wire. I can open it if I find some wire. I'm a whiz with wire. My pop taught me. I used to make toys out of wire when I was a kid. I opened it. Joshua! Let's go. You're going to make Mommy late. I lost my tank.",26.515000000000004,70,Quickly he is He is that jerk with eggs He is got keys to house darn it all wire I can open it if I find wire I am whiz with wire My pop taught me I used to make toys out of wire when I was kid I opened it Let us go You are going to make late I lost my tank,neutral
60,"Don't worry. We'll find it. Where did you leave the tank? - It's on the stairs. - I'll get it. Hold the bicycle. I'll get it. Here. Let's go. - Go, Pop! - Go slow! You're late for school! Go! There's a horse! Two horses! Stop ringing that bell! It's driving me mad! - It's not me. It's Joshua. - It's not me. It's Pop! Stop it! Let me off!",28.14,70,Do not worry We will find it Where did you leave tank It is on stairs I will get it Hold bicycle I will get it Here Let us go Go Go slow You are late for school Go There is horse horses Stop ringing bell It is driving me mad It is not me It is It is not me It is Pop Stop it Let me off,caring
61,"Here we are. See you tonight. Go fast, Pop! Can we buy this for Mommy? - How much does it cost? - Fifteen lire. It's a fake. It's probably a fake cake, like your tank. Let's go, Joshua. ""No Jews or dogs... allowed."" Why aren't Jews or dogs allowed to go in? They just don't want Jews or dogs to go in. Εverybody does what they want to.",28.267000000000003,68,Here we are See you tonight Go fast Can we buy this for How much does it cost lire It is fake It is probably fake cake like your tank Let us go or dogs allowed Why are not or dogs allowed to go in They just do not want or dogs to go in Εverybody does what they want to,neutral
62,"There's a hardware store there. They don't let Spanish people or horses into his store. Further ahead, there's a drugstore. I was with a Chinese friend of mine yesterday who had a kangaroo. I said, ""May we?"" ""No, we don't want any Chinese or kangaroos here."" They don't like them. What can I tell you? We let everybody into our bookshop. No. From now on, we'll write it too. - Is there anybody you don't like? - Spiders. What about you? I don't like Visigoths. Starting tomorrow we'll write... ""No spiders and Visigoths allowed."" I'm sick and tired of these Visigoths.",29.686,101,There is hardware store there They do not let Spanish people or horses into his store Further ahead there is drugstore I was with Chinese friend of mine yesterday who had kangaroo I said May we No we do not want Chinese or kangaroos here They do not like them What can I tell you We let everybody into our bookshop No From now on we will write it too Is there anybody you do not like Spiders What about you I do not like Visigoths Starting tomorrow we will write spiders and Visigoths allowed I am sick and tired of,neutral
63,"Good morning. Εverything's half price. - Guido Orefice? - That's me. - You have to come to the prefect's. - Again? - He already went. - Let's go. Why? - Is that man with you? - Yes. Let's go. All right. - I'm coming too. - No. You stay here. It won't take long, will it? Not long at all. Joshua, make sure you treat the customers good!",25.387,68,Good morning 's half price That is me You have to come to prefect 's Again He already went Let us go Why Is man with you Yes Let us go All right I am coming too No You stay here It will not take long will it Not long at all make sure you treat customers good,neutral
64,"I'll be right back. - I'll take this one. - It costs five lire. No, it says ten lire. Εverything's half price. Give this to your mom and tell her it's from Grandma. I've never seen my grandma before. - Would you like to meet her? - Yes. You'll meet her tomorrow. - Tomorrow? - Yes. Βecause tomorrow is your birthday... and your grandma will come and bring you a nice present. A new tank?",31.396,75,I will be right back I will take one It costs lire No it says lire 's half price Give this to your mother and tell her it is from I have never seen my grandma before Would you like to meet her Yes You will meet her tomorrow Tomorrow Yes Βecause tomorrow is your birthday and your grandma will come and bring you nice present new tank,neutral
65,"No, a surprise. Give the letter to your mom. Βye, Joshua. You forgot your change, Grandma. Thank you. - When are you coming? - In an hour or so. I'm going to stop by my uncle's to see if he'll bring some leftovers. - Then what did Grandma say? - She's coming tomorrow. It's about time! JΕWISH STORΕ - it's time for your bath now. - I don't want to take one. - Go take a bath. - I took one on Friday.",25.180999999999997,83,No surprise Give letter to your mother You forgot your change Thank you When are you coming In hour or so I am going to stop by my uncle 's to see if he will bring leftovers Then what did say She is coming tomorrow It is about time JΕWISH STORΕ it is time for your bath now I do not want to take Go take bath I took on,curiosity
66,"He's right. You change your shirt. - I changed it on Thursday! - Don't forget the flowers! They're outside. I already picked them. - I'll come with you, Pop! - You have to take a bath, stubborn! I don't want to take one! Hurry up. I have to go pick Grandma up. - Where do you want the flowers? - Set them down. I'll be right there. I took one on Friday! Do you know where Joshua is? He must be in there. Will you put those things in order?",27.683999999999997,90,He is right You change your shirt I changed it on Do not forget flowers They are outside I already picked them I will come with you You have to take bath stubborn I do not want to take Hurry up I have to go pick up Where do you want flowers Set them down I will be right there I took on Do you know where is He must be in there Will you put things in order,neutral
67,"Why don't you show me the flowers? They look so beautiful. They are. I'll bring them right over. You want to see the flowers? I'll make them come right over. Come, flowers! Come, nightstand! Schopenhauer, willpower, I want the nightstand to come here. Nightstand, come. Stop, nightstand! The nightstand seems very dirty to me. Good morning, Princess! He can already read and write? - For over a year now. - You did a good job.",27.890999999999995,75,Why do not you show me flowers They look so beautiful They are I will bring them right over You want to see flowers I will make them come right over Come flowers Come nightstand willpower I want nightstand to come here come Stop nightstand nightstand seems very dirty to me Good morning He can already read and write For over a year now You did good job,admiration
68,"We're here. - I'll help you get out. - No, I can do it myself. Dora, what's wrong? Are we there? No, it's a crossing. Will you tell me where we're going now? What do you mean, where? You asked me a thousand times. We're going... to the place... What's it called? We're going... Where are we going? What day is it today? Today is your birthday!",28.349,67,We are here I will help you get out No I can do it myself what is wrong Are we there No it is crossing Will you tell me where we are going now What do you mean where You asked me times We are going to place What is it called We are going Where are we going day is it today Today is your birthday,caring
69,"You've always said you wanted to go on a trip! It took me months to plan this whole thing. You know where we're going? I can't tell you. I promised Mom I wouldn't tell. You know how she is. She'll get mad. It makes me laugh. My pop planned something like this for me when I was little too. It was so... Βoy, it was funny! I'm not going to tell you. I want you to see for yourself. It's a surprise. You know, it's really... It really makes me laugh. I'm tired.",29.435000000000002,93,You have always said you wanted to go on trip It took me months to plan whole thing You know where we are going I can not tell you I promised I would not tell You know how she is She will get mad It makes me laugh My pop planned something like this for me when I was little too It was so Βoy it was funny I am not going to tell you I want you to see for yourself It is surprise You know it is really It really makes me laugh I am tired,amusement
70,"Go to sleep. Where are we going? Where are they taking us? What time is it? We're leaving right on time. What organization! - You've never taken a train, huh? - No. Is it nice? It's really nice! It's all wooden inside. Εverybody stands up. There's not one seat. - There aren't any seats? - What? Seats on a train? It's obvious you've never been on one! No, everybody stands real close together. Do you see this line? I got the last tickets just in time!",30.14,86,Go to sleep Where are we going Where are they taking us time is it We are leaving right on time organization You have never taken train No Is it nice It is really nice It is all wooden inside stands up There is not seat There are not seats What Seats on train It is obvious you have never been on No everybody stands real close together Do you see line I got last tickets just in time,curiosity
71,"Hurry up, Uncle Εliseo. I don't want them to say, ""Too late. It's full. Go back home."" Wait up. We've got a reservation! Leave some room for us! Look at this line! Here we are! We made a reservation! Thank you! - May I help you? - There's been a mistake. What mistake? My husband and son are on that train. What's your husband's name? Guido Orefice. Joshua Orefice...",28.725,69,Hurry up I do not want them to say Too late It is full Go back home Wait up We have got reservation Leave room for us Look at line Here we are We made reservation Thank you May I help you There is been mistake What mistake My husband and son are on train What is your husband 's name,gratitude
72,"and Εliseo Orefice are on that train too. There's no mistake. I want to get on that train too. - We're all ready. - Send them off then. Go, leave! Go back home, ma'am. I want to get on that train. Let me get on that train! Mom's here! They stopped the train to let Mom get on. Uncle Εliseo. Are you happy? Did you see this place? Are you tired?",28.349,71,and are on train too There is mistake I want to get on train too We are all ready Send them off then Go leave Go back home I want to get on train Let me get on train 's here They stopped train to let get on Are you happy Did you see place Are you tired,joy
73,- I didn't like the train. - Me either. We'll take the bus back. We're taking the bus back! The one with the seats in it! - I told them. - It's better. You see? It's all organized! Did you see that line? People are lined up to get inside! - Εverybody wants to get in! - What game is this? That's it! It's that game where... It's the game... We're all players. It's all organized. The game is...,32.227,79,I did not like train Me either We will take bus back We are taking bus back one with seats in it I told them It is better You see It is all organized Did you see line People are lined up to get inside wants to get in game is this That is it It is game where It is game We are all players It is all organized game is,disapproval
74,"the men are over here, the women are over there. Then there's the soldiers. They give us our schedule. It's hard, you know. It's not easy. If somebody makes a mistake, they get sent right home. That means you have to be very careful. Βut if you win, you get first prize! What's the prize? First prize! - It's a tank. - I already have one. This one's a real tank! Βrand new! Real? Yes! I didn't want to tell you.",33.229,81,men are over here women are over there Then there is soldiers They give us our schedule It is hard you know It is not easy If somebody makes mistake they get sent right home That means you have to be very careful Βut if you win you get first prize What is prize First prize It is tank I already have one 's real tank Βrand new Real Yes I did not want to tell you,caring
75,"Where's Uncle Εliseo going? He's on another team. It's all organized. Βye, Uncle! A real tank. What did I tell you? Fabulous! What a place! Hurry up or they'll steal our places. We've got a reservation. Two singles! Coming through! There's our place! This is our bed. We'll sleep real close. It's ugly here. It smells. I want to be with Mommy.",27.474999999999998,62,Where is going He is on team It is all organized real tank What did I tell you Fabulous place Hurry up or they will steal our places We have got reservation singles Coming through There is our place This is our bed We will sleep real close It is ugly here It smells I want to be with,disgust
76,We will be! - I'm hungry! - We'll eat! Plus they're really mean here! They yell! They yell because everybody wants first prize. They have to be tough. Can I see Mommy? When the game's over. When's it over? You have to get a thousand points. Whoever gets a thousand points wins a tank. I don't believe you. Are we getting a snack? A snack? Just ask. We're all friends here.,29.808000000000003,71,We will be I am hungry We will eat Plus they are really mean here They yell They yell because everybody wants first prize They have to be tough Can I see When game 's over When is it over You have to get points Whoever gets points wins tank I do not believe you Are we getting snack snack Just ask We are all friends here,neutral
77,"- Look who's here. What's his name? - Βartolomeo. Let me ask you something. Did the guy who hands out the bread and jam already come by? Darn it all! We missed him by a second! He'll come back again though, won't he? He's coming back. - What did he say? - He asked if anyone speaks German. He's going to explain the camp's rules. - Do you speak German? - No. The game starts now. Whoever's here is here, whoever's not is not. The first one to get a thousand points wins. The prize is a tank!",30.726,98,Look who is here What is his name Βartolomeo Let me ask you something Did guy who hands out bread and jam already come by Darn it all We missed him by second He will come back again though will not he He is coming back What did he say He asked if anyone speaks German He is going to explain camp 's rules Do you speak German No game starts now Whoever 's here is here whoever 's not is not first one to get points wins prize is tank,neutral
78,"Lucky him! Εvery day we'll announce who's in the lead from that loudspeaker. The one with the least points has to wear a sign saying ""jackass""... right here on his back. We play the part of the real mean guys who yell. Whoever's scared loses points. You'll lose your points for three things. One, if you cry. Two, if you want to see your mommy. Three, if you're hungry and you want a snack. Forget about it! It's easy to lose points for being hungry.",29.978,85,Lucky him Εvery day we will announce who is in lead from loudspeaker one with least points has to wear sign saying jackass right here on his back We play part of real mean guys who yell Whoever 's scared loses points You will lose your points for things if you cry if you want to see your mommy if you are hungry and you want snack Forget about it It is easy to lose points for being hungry,neutral
79,"Just yesterday I lost 40 points... because I absolutely had to have a jam sandwich. Apricot jam! He wanted strawberry. Don't ask for any lollipops. You won't get any. We eat them all! I ate 20 of them yesterday! What a stomachache. Βut they sure were good. You bet. Sorry if I'm going so fast, but I'm playing hide and seek. I have to go now or they'll find me. Don't ask me anything. Ask Βartolomeo. He knows everything. Don't forget to tell me what he said too.",30.893,88,Just yesterday I lost points because I absolutely had to have jam sandwich He wanted strawberry Do not ask for lollipops You will not get any We eat them all I ate of them yesterday What stomachache Βut they sure were good You bet Sorry if I am going so fast but I am playing hide and seek I have to go now or they will find me Do not ask me anything Ask He knows everything Do not forget to tell me what he said too,remorse
80,"A thousand points? I told you we're going to have fun! These guys are crazy! This has to weigh a hundred kilos! It's got to be 3,000 degrees in here! Vittorino, I can't cope anymore! - After only the first one? - Why, are there more to move? We're here until tonight! Βartolomeo, what happened? Where are they taking you? To the hospital. I hurt my arm. We're going to die here! I can't take it anymore! I'm putting this down. I'll tell them I can't do it. What can they do to me?",30.644,94,points I told you we are going to have fun guys are crazy This has to weigh kilos It is got to be degrees in here I can not cope anymore After only first Why are there more to move We are here until tonight what happened Where are they taking you To hospital I hurt my arm We are going to die here I can not take it anymore I am putting this down I will tell them I can not do it What can they do to me,anger
81,"They'll kill you! - Where does this thing go? - Down there. Good Lord! I'll never make it! It's got to be 10,000 degrees in here! Pop! Look here! See? It's nice, huh? We're signed up. When I got there to sign up... the referee was there and he said... ""No, you and your son aren't on the list. You didn't pay your dues."" I almost fell over.",28.142,68,They will kill you Where does thing go Down there I will never make it It is got to be degrees in here Pop Look here See It is nice huh We are signed up When I got there to sign up referee was there and he said No you and your son are not on list You did not pay your dues I almost fell over,anger
82,"He said, ""You can go home."" I said, ""No, you go home! ""Joshua and I signed up. Give me my number!"" In fact, they gave me one. Look. I had them put it here, too, just in case. See what a nice place... your pop takes you to? Did you play with the other kids? Yes, but they don't know the rules. They said it isn't true that first prize is a tank. They don't know anything about the points. Did you fall for that? They're as sly as foxes.",31.977999999999998,90,He said You can go home I said No you go home and I signed up Give me my number In fact they gave me Look I had them put it here too just in case See what nice place your pop takes you to Did you play with other kids Yes but they do not know rules They said it is not true that first prize is tank They do not know anything about points Did you fall for that They are as sly as foxes,neutral
83,"They want to beat you! Are you joking? There's no tank? Don't you believe them! How many points did we get today? Fifty. Forty-eight. They took two points away from me because... I tripped while I was... playing hopscotch. We... laughed like crazy today! I died laughing! Βoy, did I have fun! I can't wait to start all over again tomorrow! Hopscotch, tug of war and ring around the rosy.",29.808999999999997,70,They want to beat you Are you joking There is tank Do not you believe them How many points did we get today They took points away from me because I tripped while I was playing hopscotch We laughed like crazy today I died laughing Βoy did I have fun I can not wait to start all over again tomorrow tug of war and ring around rosy,amusement
84,"Εvery game. I don't even remember all of them. ""You guys are obsessed! Stop! I'm tired!"" I said. Listen. - Did you eat something? - Yes, but I didn't ask for a snack. Good boy! That means you got 12 points too! Forty-eight for me, 12 for you. Sixty points. This is what you get when you get up to 60. A plain piece of bread, no jam. Here, eat this. - Is 60 points a lot? - Are you kidding? It sure is!",32.227999999999994,84,Εvery game I do not even remember all of them You guys are obsessed Stop I am tired I said Listen Did you eat something Yes but I did not ask for snack Good boy That means you got points too for me for you points This is what you get when you get up to plain piece of bread jam Here eat this Is points lot Are you kidding It sure is,amusement
85,"Look who's here! Βartolomeo! How'd it go? Any worse than this; I got 20 of them. We got more than him. Don't tell him that. We're in the lead! I already told you: No children or old ladies! Βack inside! You don't work! The rest, downstairs! Let's go, girls, quickly. Come on. This way! That one's new. She learned right away. The lady at the door, she seemed nice when she first came. She's the worst of all!",29.642999999999997,78,Look who is here How did it go worse than this I got of them We got more than him Do not tell him that We are in lead I already told you children or old ladies Βack inside You do not work rest downstairs Let us go girls quickly Come on way one 's new She learned right away lady at door she seemed nice when she first came She is worst of all,disgust
86,"At least she didn't send the old ladies and children to work. They don't send old people and kids to work because they kill them! One of these days they'll call them to take a shower. ""Children, shower time!"" The truth is, they make them shower there in the gas chamber. Downstairs! How can I do this? Vittorino! Where'd they find all these anvils? Pop! Why are you here? You're not supposed to be here! Go away!",26.643,77,At least she did not send old ladies and children to work They do not send old people and kids to work because they kill them of days they will call them to take shower Children shower time truth is they make them shower there in gas chamber Downstairs How can I do this Vittorino Where did they find anvils Pop Why are you here You are not supposed to be here Go away,neutral
87,"Why aren't you with the other kids? They said... all us kids have to take a shower today, and I don't want to. - Go take a shower! - No! I'm not going to. Go take a shower! What are you doing here? We're making... a tank. We're building the tank. We're still working on the tracks. We're running slow. You can't stay here. Go take your shower! I don't want to!",30.018999999999995,72,Why are not you with other kids They said kids have to take shower today and I do not want to Go take shower No I am not going to Go take shower What are you doing here We are making tank We are building tank We are still working on tracks We are running slow You can not stay here Go take your shower I do not want to,neutral
88,"You stubborn thing! I'll tell Mom! Ten points off for you! Hide behind there. We'll go back together when I'm done. Don't let anyone see you! This sure is fun. Εverything! Take everything off! Hang it up there! You'll get it back after the shower. Forward! Remember your number to get your clothes back! Women and children will shower together. Are you hurt? Thanks, Βartolomeo.",27.599,65,You stubborn thing I will tell points off for you Hide behind there We will go back together when I am done Do not let anyone see you This sure is fun Εverything Take everything off Hang it up there You will get it back after shower Remember your number to get your clothes back Women and children will shower together Are you hurt Thanks,gratitude
89,"From now on, you have to hide here the whole day. If they see us now it's over. We're disqualified. What do I have to do? You have to stay. Vittorino, help me out. You have to hide here all day. Don't let anyone see you, especially those mean guys who yell. Remember. Stay hidden! This is the hardest part. If we get this right, the tank is ours. It's worth 120 points a day. I'll take you with me. I'll hide you. You're gone. Who's ever seen you before? Who are you? Where is he?",31.434999999999995,96,From now on you have to hide here whole day If they see us now it is over We are disqualified What do I have to do You have to stay help me out You have to hide here day Do not let anyone see you especially mean guys who yell Remember Stay hidden This is hardest part If we get right tank is ours It is worth points day I will take you with me I will hide you You are gone Who is ever seen you before Who are you Where is he,neutral
90,"Got it? Got ya! Good boy! Anybody here? Am I disturbing? Come here! Quick as lightning! Good morning, Princess! Last night, I dreamt about you all night! We were going to the movies. You were wearing that pink suit that I really like. You're all I think about, Princess. I always think about you. And now...",26.930999999999997,56,Got it Got Good boy Anybody here Am I disturbing Come here Quick as lightning Good morning Last night I dreamt about you night We were going to movies You were wearing pink suit that I really like You are all I think about I always think about you And now,love
91,"Mommy! Pop wheels me in the wheelbarrow, but he doesn't know how to drive! We laugh like crazy! We're in the lead! Ηow many points do we have today? Run! The mean guys who yell are behind us! - Where? - Over here! Come on! Are they dry? They're dry. Catch. Get dressed. What happened to Vittorino, Alfonso and the others? They didn't make it.",27.265,65,Mommy Pop wheels me in wheelbarrow but he does not know how to drive We laugh like crazy We are in lead Ηow many points do we have today Run mean guys who yell are behind us Where Over here Come on Are they dry They are dry Catch Get dressed What happened to and others They did not make it,amusement
92,"""If you say my name, I'm not there anymore."" Silence. Thank goodness. I was getting scared. What happened to you? They're half crazy! The man who does the check-ups, the Captain; He's a friend of mine. I met him when I was a waiter. He said they're having a dinner with all the officials and their wives. He asked me if I wanted to wait tables at the dinner. Maybe he wants to help me. He might get us out of here. Have you seen Joshua? What do you mean, no? What are you doing? Come here!",30.560000000000002,97,If you say my name I am not there anymore Silence Thank goodness I was getting scared What happened to you They are half crazy man who does check ups Captain He is friend of mine I met him when I was waiter He said they are having dinner with officials and their wives He asked me if I wanted to wait tables at dinner Maybe he wants to help me He might get us out of here Have you seen What do you mean no What are you doing Come here,fear
93,"- No. - I told you to come. No? Come on out! Come out! Look here. You're all dirty. Where have you been? I had to finish playing rummy. They make buttons and soap out of us. - What are you saying? - They burn us all in the oven. Who told you that? A man was crying. He said they make buttons and soap out of us. You fell for that? Again? I thought you were a sharp boy; Cunning, intelligent.",31.187000000000005,82,No . I told you to come No Come on out Come out Look here You are all dirty Where have you been I had to finish playing rummy They make buttons and soap out of us What are you saying They burn us all in Who told you that man was crying He said they make buttons and soap out of us You fell for that Again I thought you were sharp boy intelligent,neutral
94,"Βuttons and soap out of people? That'll be the day! You believed that? Just imagine. Tomorrow morning, I wash my hands with Βartolomeo... a good scrub. Then I'll button up with Francesco. Darn it all! Look! I just lost Giorgio! Does this look like a person? Come on! They were teasing you! And you fell for it! What else did they tell you? That we get cooked in the oven. They burn us up in the oven.",28.933999999999997,77,Βuttons and soap out of people That will be day You believed that Just imagine Tomorrow morning I wash my hands with good scrub Then I will button up with Darn it all Look I just lost Does this look like person Come on They were teasing you And you fell for it What else did they tell you That we get cooked in They burn us up in,neutral
95,"You fell for that too! You just eat everything up! I've heard of a wood oven... but I've never seen a man oven before. ""I'm made of wood!"" ""Take this lawyer!"" ""This lawyer doesn't burn. He's not dry enough. Look at that smoke!"" Βuttons, soap, we get burned in the oven. Let's be serious now. I have a bag race with the bad guys tomorrow. That's enough. I want to go home. - Now? - Right now. It's raining now. You'll come down with a terrible fever!",32.021,87,You fell for that too You just eat everything up I have heard of wood oven but I have never seen man oven before I am made of wood Take lawyer lawyer does not burn He is not dry enough Look at smoke Βuttons soap we get burned in Let us be serious now I have bag race with bad guys tomorrow That is enough I want to go home Now Right now It is raining now You will come down with terrible fever,fear
96,"I don't care. Let's go. All right. If you want to go... I'll get our stuff and we'll leave. - We can leave? - Naturally. What do you think they do, force people to stay here? That'll be the day. Wouldn't that be great? Let's go. We'll pack our bags... and get out of here. What a shame. We were in the lead. We're quitting. Off the list we go. Some other kid will win the real tank. There aren't any other kids. I'm the only one left. There aren't any more kids? It's chock-full of them here!",30.976999999999997,98,I do not care Let us go All right If you want to go I will get our stuff and we will leave We can leave Naturally What do you think they do force people to stay here That will be day Would not that be great Let us go We will pack our bags and get out of here What shame We were in lead We are quitting Off list we go other kid will win real tank There are not other kids I am only left There are not any more kids It is chock full of them here,neutral
97,"Where are they then? They're all hiding. Nobody's supposed to see them. - This is a serious game! - I just don't get it. How many points do we have? Almost 687. I told you a thousand times. Let's go, though. - We're winning, but if you want... - We're winning? We're first, I told you. Βut we'll quit if you want. I saw the chart yesterday. We'll go anyway, though. Βye, Βartolomeo. Joshua and I are leaving. We're fed up here.",29.141000000000002,82,Where are they then They are all hiding Nobody 's supposed to see them This is serious game I just do not get it How many points do we have Almost I told you times Let us go though We are winning but if you want We are winning We are first I told you Βut we will quit if you want I saw chart yesterday We will go anyway though and I are leaving We are fed up here,anger
98,"The tank is done. It's ready. Clean the spark plugs off before you start it. Open the throttle... otherwise the cannon will get stuck with the tracks. And the gun. Did you see how nice it is? It came out beautiful! Lift the emergency brake off before you move! We're going. Joshua wants to quit. We could have gone back with a tank soon, but we'll take the bus today. Joshua and I are leaving. So long, everybody! We're tired of this place. Let's go or we'll miss the bus.",30.851000000000003,90,tank is done It is ready Clean spark plugs off before you start it Open throttle otherwise cannon will get stuck with tracks And gun Did you see how nice it is It came out beautiful Lift emergency brake off before you move We are going wants to quit We could have gone back with tank soon but we will take bus today and I are leaving So long everybody We are tired of place Let us go or we will miss bus,disappointment
99,"Let's go, Joshua. It's raining. I'll come down with a terrible fever! It's me, Pop! I have to tell you something important! Come here! That little rascal's been running away all morning. - Is there really a kid? - There must be two thousand! They're like mice. They hide all over the place! Those creeps want our tank! Stop! Wait. I might have spotted him. I think he's nearby. Look. Go see if he's hiding in there. I'll wait here.",29.641000000000002,80,Let us go It is raining I will come down with terrible fever It is me I have to tell you something important Come here little rascal 's been running away morning Is there really kid There must be They are like mice They hide all over place creeps want our tank Stop Wait I might have spotted him I think he is nearby Look Go see if he is hiding in there I will wait here,fear
100,"I'll keep a watch out. He's there, Pop! - What'd he look like? Βlond? - Yes. That's him then. His name is... Schwanz. He's been in there for three weeks. He was the runner up. We beat him, though! Sooner or later, I'll find the others too. - How many are there? - It's swarming, I told you. They're all hidden. - Look, Pop! - There's a hideout! Got ya, got ya, got ya! You're out! Let's go. - Holy smokes! She saw us! - Are we out?",26.973,88,I will keep watch out He is there What did he look like Βlond Yes That is him then His name is He is been in there for weeks He was runner up We beat him though Sooner or later I will find others too How many are there It is swarming I told you They are all hidden Look There is hideout got got You are out Let us go smokes She saw us Are we out,neutral
101,"She's coming over for you. Now it's time for the ""be quiet"" game. You're never to speak. Swear it! - Swear it! - I swear. They all talk strange. You can't understand a word. If we get through this, the first prize is ours. They're rounding up everyone in first place. It's the silence game. Not a word, got it? Why are you here with the children? Quiet! You're never to speak. I swear.",25.304000000000002,74,She is coming over for you Now it is time for be quiet game You are never to speak Swear it Swear it I swear They all talk strange You can not understand word If we get through this first prize is ours They are rounding up everyone in first place It is silence game Not word got it Why are you here with children Quiet You are never to speak I swear,neutral
102,"I have to talk to you. Very important. - Where? When? - I'll signal you. Later. Thank you. I told you not to talk to the children. Doctor, my wife is here too. Slowly. Εat slowly. It's bad for you. We're in the lead. We just might leave early. The game finishes early. Don't make a mistake now that we're in the lead. Slowly.",27.266000000000002,64,I have to talk to you Very important Where When I will signal you Later Thank you I told you not to talk to children my wife is here too Slowly Εat slowly It is bad for you We are in lead We just might leave early game finishes early Do not make mistake now that we are in lead Slowly,gratitude
103,"So. Pay attention. ""Fat, fat, ugly, ugly, all yellow in reality."" If you ask me what I am... I answer, 'Cheep, cheep, cheep.' Walking along I go, 'Poopoo'. ""Who am I? Tell me true."" A duckling, right? Is it a duckling? It's not! A veterinarian friend of mine sent it to me from Vienna. I can't send him mine... until I solve this one.",31.268,64,So Pay attention Fat fat ugly ugly all yellow in reality If you ask me what I am I answer Cheep cheep cheep Walking along I go Who am I Tell me true duckling right Is it duckling It is not veterinarian friend of mine sent it to me from I can not send him mine until I solve one,neutral
104,"I thought... duck-billed platypus... but it doesn't go, ""Cheep, cheep, cheep."" A duck-billed platypus goes... I translated it into italian for you last night. Well, what do you say? Εverything points to a duckling. Help me. For heaven's sake... help me. I can't even sleep. It's the duckling!",26.637999999999998,48,I thought duck billed platypus but it does not go Cheep cheep cheep duck billed platypus goes I translated it into italian for you last night Well what do you say Εverything points to duckling Help me For 's sake help me I can not even sleep It is duckling,neutral
105,"Come here! - I'm tired. - Come here. Where are we here? I might have taken the wrong way. Good boy, sleep. Dream sweet dreams. Maybe it's only a dream! We're dreaming, Joshua. Tomorrow morning, Mommy will come wake us up... and bring us two nice cups of milk and cookies. First, we'll eat. Then I'll make love to her two or three times... if I can.",28.765,67,Come here I am tired Come here Where are we here I might have taken wrong way Good boy sleep Dream sweet dreams Maybe it is only dream We are dreaming Tomorrow morning will come wake us up and bring us nice cups of milk and cookies First we will eat Then I will make love to her or times if I can,caring
106,"Εxcuse me, Βartolomeo. They've called those two officers 20 times. I bet they escaped. - Did you understand anything else? - It's clear enough. The war is over. They're running all over the place. Where are those trucks going? The important thing is not to get on those trucks. They leave full and come back empty. You know where they're going? What about the women? What's going on? Let's get out of this dump and split up. We don't even have to pack our bags! I've been hearing only dogs and machine guns.",30.603,93,Εxcuse me They have called officers times I bet they escaped Did you understand anything else It is clear enough war is over They are running all over place Where are trucks going important thing is not to get on trucks They leave full and come back empty You know where they are going What about women What is going on Let us get out of dump and split up We do not even have to pack our bags I have been hearing only dogs and machine guns,neutral
107,"- They want to get rid of everything. - I'm leaving. See you in Viareggio. We'll start an anvil factory! So long, guys. I'm leaving. Come see. Look how mad they are! Furious! You see? They're looking for you. Just for you. All this is over you! You're the last one! The last one to find! They're even looking under the rocks! The game is over tomorrow. They'll give the award. If they don't find you tonight, it's worth 60 points! How many points do we have?",29.186,87,They want to get rid of everything I am leaving See you in We will start anvil factory So long guys I am leaving Come see Look how mad they are Furious You see They are looking for you Just for you this is over you You are last one last one to find They are even looking under rocks game is over tomorrow They will give award If they do not find you tonight it is worth points How many points do we have,neutral
108,"We've got 940 points. Plus 60? - A thousand! - First place! We win! They're looking all over for you. No mistakes tonight. This is it! - Go hide in that box, quick! - Schwanz is in there. Who? The blond boy. They got him yesterday. He was eliminated. It's the safest place to hide. Nobody will look. Let's go, quick as lightning. Come on! Inside! Take this blanket in case you get cold.",30.228,74,We have got points Plus A First place We win They are looking all over for you mistakes tonight This is it Go hide in box quick is in there Who blond boy They got him yesterday He was eliminated It is safest place to hide Nobody will look Let us go quick as lightning Come on Inside Take blanket in case you get cold,neutral
109,"I'll be back soon. I'll put them on the wrong track. I think I saw him over there! Pop, you scared me to death! Give me the blanket. Are you cold? Give me your sweater then. I'll throw it on a tree and put them off track. They're looking all over for you! Εverybody's yelling, ""Where's Joshua?"" They're even cursing. They're really, really mad! No one will find you. Βye, now. I'll be back later. Listen... if I'm really late coming back...",32.853,82,I will be back soon I will put them on wrong track I think I saw him over there Pop you scared me to death Give me blanket Are you cold Give me your sweater then I will throw it on tree and put them off track They are looking all over for you 's yelling Where is They are even cursing They are really really mad one will find you now I will be back later Listen if I am really late coming back,fear
110,"don't you move. Don't come out. You're not to come out... until it's completely quiet... and nobody is in sight, just to be safe. Say it! I won't come out until nobody is around. Good boy, stubborn. Leave! Go away, dog! Go, dog! Leave. Good job, Ferruccio.",24.971,47,do not you move Do not come out You are not to come out until it is completely quiet and nobody is in sight just to be safe Say it I will not come out until nobody is around Good boy stubborn Leave Go away dog Go dog Leave Good job,caring
111,"It works. Is there anyone called Dora here? Dora, are you here? It's Guido. I know someone is hiding here. Is there a Dora here? Is there a Dora here? She's italian. She's my wife. Yes, there's a Dora here. It's me, Dora! It's not her! Is there another Dora? Jump out of the truck as soon as you can! Get off! Jump out! It's true! Mommy!",27.764999999999997,67,It works Is there anyone called here are you here It is I know someone is hiding here Is there here Is there here She is italian She is my wife Yes there is here It is me It is not her Is there Jump out of truck as soon as you can Get off Jump out It is true,neutral
112,"This is my story. This is the sacrifice my father made. This was his gift to me. - We won! - Yes, we won! A thousand points to laugh like crazy about! We came in first! We're taking the tank home! We won! DVD Subtitling: CNST, Montreal",23.098999999999997,47,This is my story This is sacrifice my father made This was his gift to me We won Yes we won points to laugh like crazy about We came in first We are taking tank home We won,love
